[{"username": "ctmurphy", "password": "murphy", "ID": 111111, "favorites": []}, {"username": "ada", "password": "ada", "ID": 340835, "favorites": [{"title": "Entry-Level Software Developer", "company": "IBM", "salary": "Not Listed", "location": "San Jose, CA", "date": "24hr", "logo": "https://www.adweek.com/agencyspy/wp-content/uploads/sites/7/2016/01/glassdoor.jpg", "link": "https://www.glassdoor.com/partner/jobListing.htm?pos=102&ao=140152&s=58&guid=0000016b81c423aea56d39467e9989e7&src=GD_JOB_AD&t=SR&extid=1&exst=O&ist=L&ast=OL&vt=w&slr=true&cs=1_fb9abc15&cb=1561250244277&jobListingId=3273850860", "favorite": true, "idx": 1}, {"title": "Internships: Software Development", "company": "Hennepin County", "salary": "Not Listed", "location": "Downtown Minneapolis, MN", "date": "2017-05-26", "logo": "https://games.lol/wp-content/uploads/2018/10/monster-search-best-pc-download-online.png", "link": "https://job-openings.monster.com/internships-software-development-downtown-minneapolis-mn-us-hennepin-county/99a6d438-bfdc-4327-be5c-d9957e0c3b8e", "favorite": true, "idx": 354}, {"title": "Junior Front End Developer", "company": "Zija International", "salary": "Not Listed", "location": "Lehi, UT", "date": "24hr", "logo": "https://www.adweek.com/agencyspy/wp-content/uploads/sites/7/2016/01/glassdoor.jpg", "link": "https://www.glassdoor.com/partner/jobListing.htm?pos=105&ao=389273&s=58&guid=0000016b976c8969b73a9b45d107cb80&src=GD_JOB_AD&t=SR&extid=1&exst=O&ist=L&ast=OL&vt=w&slr=true&ea=1&cs=1_3ca9d961&cb=1561613602084&jobListingId=3278786476", "favorite": true, "idx": 4}, {"title": "Junior Developer/Designer", "company": "Exterro", "salary": "Not Listed", "location": "Beaverton, OR", "date": "24hr", "logo": "https://www.adweek.com/agencyspy/wp-content/uploads/sites/7/2016/01/glassdoor.jpg", "link": "https://www.glassdoor.com/partner/jobListing.htm?pos=109&ao=215203&s=58&guid=0000016b976c8969b73a9b45d107cb80&src=GD_JOB_AD&t=SR&extid=1&exst=O&ist=L&ast=OL&vt=w&slr=true&cs=1_eae35048&cb=1561613602088&jobListingId=3215975592", "favorite": true, "idx": 8}, {"title": "Entry-Level Software Developer", "company": "Centene Corporation", "salary": "Not Listed", "location": "Saint Louis, MO", "date": "24hr", "logo": "https://www.adweek.com/agencyspy/wp-content/uploads/sites/7/2016/01/glassdoor.jpg", "link": "https://www.glassdoor.com/partner/jobListing.htm?pos=107&ao=291823&s=58&guid=0000016b976c8969b73a9b45d107cb80&src=GD_JOB_AD&t=SR&extid=1&exst=O&ist=L&ast=OL&vt=w&slr=true&cs=1_7e02a7b3&cb=1561613602086&jobListingId=3278311320", "favorite": true, "idx": 6}, {"title": "Entry Level Software Engineer", "company": "Boeing", "salary": "Not Listed", "location": "Saint Louis, MO", "date": "24hr", "logo": "https://www.adweek.com/agencyspy/wp-content/uploads/sites/7/2016/01/glassdoor.jpg", "link": "https://www.glassdoor.com/partner/jobListing.htm?pos=115&ao=182759&s=58&guid=0000016b976c8969b73a9b45d107cb80&src=GD_JOB_AD&t=SR&extid=1&exst=O&ist=L&ast=OL&vt=w&slr=true&cs=1_3f60da63&cb=1561613602097&jobListingId=3278142656", "favorite": true, "idx": 14}, {"title": "Entry-Level Software Engineer", "company": "Rosen", "salary": "Not Listed", "location": "San Luis Obispo, CA", "date": "24hr", "logo": "https://www.adweek.com/agencyspy/wp-content/uploads/sites/7/2016/01/glassdoor.jpg", "link": "https://www.glassdoor.com/partner/jobListing.htm?pos=117&ao=389273&s=58&guid=0000016b976c8969b73a9b45d107cb80&src=GD_JOB_AD&t=SR&extid=1&exst=O&ist=L&ast=OL&vt=w&slr=true&ea=1&cs=1_2fb78026&cb=1561613602099&jobListingId=3278792298", "favorite": true, "idx": 16}, {"title": "UX Designer / Front-End Developer", "company": "Highland Homes", "salary": "Not Listed", "location": "Plano, TX", "date": "24hr", "logo": "https://www.adweek.com/agencyspy/wp-content/uploads/sites/7/2016/01/glassdoor.jpg", "link": "https://www.glassdoor.com/partner/jobListing.htm?pos=105&ao=665773&s=58&guid=0000016b976c97e2b4d14235b7352f57&src=GD_JOB_AD&t=SR&extid=1&exst=O&ist=L&ast=OL&vt=w&slr=true&cs=1_9bd5a370&cb=1561613605432&jobListingId=3216648650", "favorite": true, "idx": 33}, {"title": "Entry level Software Developer", "company": "NDDSystems INC", "salary": "Not Listed", "location": "San Jose, CA, US", "date": "8 hours ago", "logo": "https://cdn4.iconfinder.com/data/icons/flat-icon-social-media/256/Linkedin.png", "link": "https://www.linkedin.com/jobs/view/entry-level-software-developer-at-nddsystems-inc-1338927841?position=3&pageNum=0&trk=jobs_jserp_job_listing_text", "favorite": true, "idx": 145}, {"title": "JR. Software Engineer", "company": "Nesco Resource", "salary": "Not Listed", "location": "Plano, TX", "date": "2017-05-26", "logo": "https://games.lol/wp-content/uploads/2018/10/monster-search-best-pc-download-online.png", "link": "https://job-openings.monster.com/jr-software-engineer-plano-tx-us-nesco-resource/209502821", "favorite": true, "idx": 185}, {"title": "Entry Level Software Developer", "company": "EAI Technologies", "salary": "Not Listed", "location": "Washington, DC", "date": "24hr", "logo": "https://www.adweek.com/agencyspy/wp-content/uploads/sites/7/2016/01/glassdoor.jpg", "link": "https://www.glassdoor.com/partner/jobListing.htm?pos=103&ao=447365&s=58&guid=0000016b9783b4118d26347ca81933d7&src=GD_JOB_AD&t=SR&extid=1&exst=O&ist=L&ast=OL&vt=w&slr=true&cs=1_96807eb3&cb=1561615120090&jobListingId=3217032204", "favorite": true, "idx": 2}, {"title": "Web Development Intern", "company": "SANDAG", "salary": "Not Listed", "location": "San Diego, CA", "date": "24hr", "logo": "https://www.adweek.com/agencyspy/wp-content/uploads/sites/7/2016/01/glassdoor.jpg", "link": "https://www.glassdoor.com/partner/jobListing.htm?pos=122&ao=4120&s=58&guid=0000016b9a6754e5b83ac35beb43e991&src=GD_JOB_AD&t=SR&extid=1&exst=O&ist=L&ast=OL&vt=w&slr=true&cs=1_b9bd45af&cb=1561663592276&jobListingId=3278700296", "favorite": true, "idx": 51}, {"title": "Web Full Stack Developer # 131176", "company": "eFinancialCareers", "salary": "Not Listed", "location": "Raleigh, NC, US", "date": "10 hours ago", "logo": "https://cdn4.iconfinder.com/data/icons/flat-icon-social-media/256/Linkedin.png", "link": "https://www.linkedin.com/jobs/view/web-full-stack-developer-%23-131176-at-efinancialcareers-1344180766?position=1&pageNum=0&trk=jobs_jserp_job_listing_text", "favorite": true, "idx": 120}, {"title": "Software Engineer Intern (2020)", "company": "Chegg", "salary": "Not Listed", "location": "Santa Clara, CA", "date": "2017-05-26", "logo": "https://games.lol/wp-content/uploads/2018/10/monster-search-best-pc-download-online.png", "link": "https://job-openings.monster.com/software-engineer-intern-2020-santa-clara-ca-us-chegg/95b75eee-e1a1-43d1-9406-4319be255da5", "favorite": true, "idx": 231}, {"title": "Software Developer Intern", "company": "Jet Propulsion Laboratory", "salary": "Not Listed", "location": "Pasadena, CA", "date": "2017-05-26", "logo": "https://games.lol/wp-content/uploads/2018/10/monster-search-best-pc-download-online.png", "link": "https://job-openings.monster.com/software-developer-intern-pasadena-ca-us-jet-propulsion-laboratory/b5ff29cb-8406-428f-a957-ce0f2be02305", "favorite": true, "idx": 230}, {"title": "Software Engineer, Intern (Fall)", "company": "Square", "salary": "Not Listed", "location": "San Francisco, CA", "date": "2017-05-26", "logo": "https://games.lol/wp-content/uploads/2018/10/monster-search-best-pc-download-online.png", "link": "https://job-openings.monster.com/software-engineer-intern-fall-san-francisco-ca-us-square/e1c03332-5cc6-475d-bc14-9a0fbbbbd331", "favorite": true, "idx": 232}, {"title": "Software Developer", "company": "Payment Logistics", "salary": "Not Listed", "location": "La Jolla, CA", "date": "19-06-26", "logo": "https://is2-ssl.mzstatic.com/image/thumb/Purple118/v4/ab/03/b8/ab03b82b-12cf-ce7c-249f-b54a8f01c1b9/AppIcon-1x_U007emarketing-85-220-0-6.png/246x0w.jpg", "link": "https://www.google.com/search?q=Software Developer+Payment Logistics+La Jolla, CA+19-06-26+job+opening", "favorite": true, "idx": 257}, {"title": "Web Development Intern", "company": "San Diego Association of Governments", "salary": "$15 - $18 an hour", "location": "San Diego, CA", "date": "19-06-26", "logo": "https://is2-ssl.mzstatic.com/image/thumb/Purple118/v4/ab/03/b8/ab03b82b-12cf-ce7c-249f-b54a8f01c1b9/AppIcon-1x_U007emarketing-85-220-0-6.png/246x0w.jpg", "link": "https://www.google.com/search?q=Web Development Intern+San Diego Association of Governments+San Diego, CA+19-06-26+job+opening", "favorite": true, "idx": 304}, {"title": "Full Stack Engineer, Intern- Summer 2019", "company": "Embody", "salary": "Not Listed", "location": "San Mateo, CA", "date": "19-06-26", "logo": "https://is2-ssl.mzstatic.com/image/thumb/Purple118/v4/ab/03/b8/ab03b82b-12cf-ce7c-249f-b54a8f01c1b9/AppIcon-1x_U007emarketing-85-220-0-6.png/246x0w.jpg", "link": "https://www.google.com/search?q=Full Stack Engineer, Intern- Summer 2019+Embody+San Mateo, CA+19-06-26+job+opening", "favorite": true, "idx": 357}, {"title": "Software Engineer Intern", "company": "App 720", "salary": "$4,000 a month", "location": "Sacramento, CA", "date": "19-06-26", "logo": "https://is2-ssl.mzstatic.com/image/thumb/Purple118/v4/ab/03/b8/ab03b82b-12cf-ce7c-249f-b54a8f01c1b9/AppIcon-1x_U007emarketing-85-220-0-6.png/246x0w.jpg", "link": "https://www.google.com/search?q=Software Engineer Intern+App 720+Sacramento, CA+19-06-26+job+opening", "favorite": true, "idx": 339}, {"title": "Entry Level Software Developer Trai...", "company": "Genesis10", "salary": "Not Listed", "location": "Dallas, TX", "date": "24hr", "logo": "https://www.adweek.com/agencyspy/wp-content/uploads/sites/7/2016/01/glassdoor.jpg", "link": "https://www.glassdoor.com/partner/jobListing.htm?pos=107&ao=83255&s=58&guid=0000016b9a67479f857fac5a818892f8&src=GD_JOB_AD&t=SR&extid=1&exst=O&ist=L&ast=OL&vt=w&slr=true&cs=1_72d9cc00&cb=1561663589247&jobListingId=3279587400", "favorite": true, "idx": 6}, {"title": "Entry-Level Software Developer", "company": "Centene", "salary": "Not Listed", "location": "Saint Louis, MO", "date": "24hr", "logo": "https://www.adweek.com/agencyspy/wp-content/uploads/sites/7/2016/01/glassdoor.jpg", "link": "https://www.glassdoor.com/partner/jobListing.htm?pos=111&ao=291823&s=58&guid=0000016b9a9e9c47b360dc19646d4545&src=GD_JOB_AD&t=SR&extid=1&exst=O&ist=L&ast=OL&vt=w&slr=true&cs=1_94fdbe07&cb=1561667215371&jobListingId=3278567477", "favorite": true, "idx": 10}, {"title": "Jr Developer Internship", "company": "Johnson Controls", "salary": "Not Listed", "location": "Westford, MA", "date": "24hr", "logo": "https://www.adweek.com/agencyspy/wp-content/uploads/sites/7/2016/01/glassdoor.jpg", "link": "https://www.glassdoor.com/partner/jobListing.htm?pos=124&ao=253280&s=58&guid=0000016b9a9ea8bf85b8cd518ad7da3f&src=GD_JOB_AD&t=SR&extid=1&exst=O&ist=L&ast=OL&vt=w&slr=true&cs=1_b20f8be7&cb=1561667218317&jobListingId=3278897401", "favorite": true, "idx": 53}, {"title": "Entry Level Software Developer", "company": "Dataquest Corp", "salary": "Not Listed", "location": "San Jose, CA", "date": "24hr", "logo": "https://www.adweek.com/agencyspy/wp-content/uploads/sites/7/2016/01/glassdoor.jpg", "link": "https://www.glassdoor.com/partner/jobListing.htm?pos=117&ao=389273&s=58&guid=0000016b9aa104f38c1a2d044d416fb5&src=GD_JOB_AD&t=SR&extid=1&exst=O&ist=L&ast=OL&vt=w&slr=true&ea=1&cs=1_d80616de&cb=1561667373329&jobListingId=3279876643", "favorite": true, "idx": 16}, {"title": "Entry Level Developer", "company": "NTT DATA", "salary": "Not Listed", "location": "Plano, TX", "date": "24hr", "logo": "https://www.adweek.com/agencyspy/wp-content/uploads/sites/7/2016/01/glassdoor.jpg", "link": "https://www.glassdoor.com/partner/jobListing.htm?pos=111&ao=133983&s=58&guid=0000016b9aa104f38c1a2d044d416fb5&src=GD_JOB_AD&t=SR&extid=1&exst=O&ist=L&ast=OL&vt=w&slr=true&cs=1_1eb7e557&cb=1561667373324&jobListingId=3248024511", "favorite": true, "idx": 10}, {"title": "Junior Web Developer", "company": "IncentiFind", "salary": "Not Listed", "location": "Houston, TX", "date": "24hr", "logo": "https://www.adweek.com/agencyspy/wp-content/uploads/sites/7/2016/01/glassdoor.jpg", "link": "https://www.glassdoor.com/partner/jobListing.htm?pos=117&ao=389273&s=58&guid=0000016b9ab1479687d645fbd789ad35&src=GD_JOB_AD&t=SR&extid=1&exst=O&ist=L&ast=OL&vt=w&slr=true&ea=1&cs=1_56214c01&cb=1561668438865&jobListingId=3279886787", "favorite": true, "idx": 16}, {"title": "Java Developers - Entry Level", "company": "ISO New England", "salary": "Not Listed", "location": "Holyoke, MA", "date": "24hr", "logo": "https://www.adweek.com/agencyspy/wp-content/uploads/sites/7/2016/01/glassdoor.jpg", "link": "https://www.glassdoor.com/partner/jobListing.htm?pos=102&ao=681538&s=58&guid=0000016b9ab1479687d645fbd789ad35&src=GD_JOB_AD&t=SR&extid=1&exst=O&ist=L&ast=OL&vt=w&slr=true&cs=1_943fda2d&cb=1561668438846&jobListingId=3248720691", "favorite": true, "idx": 1}, {"title": "Internship| Web Developer|", "company": "Evans & Chambers Technology", "salary": "Not Listed", "location": "Washington, DC", "date": "24hr", "logo": "https://www.adweek.com/agencyspy/wp-content/uploads/sites/7/2016/01/glassdoor.jpg", "link": "https://www.glassdoor.com/partner/jobListing.htm?pos=126&ao=447365&s=58&guid=0000016b9ab9d1fa948f595b6eff901a&src=GD_JOB_AD&t=SR&extid=1&exst=O&ist=L&ast=OL&vt=w&slr=true&cs=1_78446620&cb=1561668998304&jobListingId=3218204412", "favorite": true, "idx": 55}, {"title": "Junior Web Developer", "company": "AppleOne Technical", "salary": "Not Listed", "location": "Boynton Beach, FL", "date": "24hr", "logo": "https://www.adweek.com/agencyspy/wp-content/uploads/sites/7/2016/01/glassdoor.jpg", "link": "https://www.glassdoor.com/partner/jobListing.htm?pos=102&ao=83255&s=58&guid=0000016b9ab9c6a18ca5d29eb7ad4e0d&src=GD_JOB_AD&t=SR&extid=1&exst=O&ist=L&ast=OL&vt=w&slr=true&cs=1_cf6fcb3a&cb=1561668995471&jobListingId=3279585606", "favorite": true, "idx": 1}, {"title": "Junior Developer", "company": "Digital Primates", "salary": "Not Listed", "location": "US", "date": "24hr", "logo": "https://www.adweek.com/agencyspy/wp-content/uploads/sites/7/2016/01/glassdoor.jpg", "link": "https://www.glassdoor.com/partner/jobListing.htm?pos=106&ao=66506&s=58&guid=0000016b9ab9c6a18ca5d29eb7ad4e0d&src=GD_JOB_AD&t=SR&extid=1&exst=O&ist=L&ast=OL&vt=w&slr=true&ea=1&cs=1_71d174a1&cb=1561668995475&jobListingId=3278870455", "favorite": true, "idx": 5}, {"title": "Software Engineer Internship", "company": "Channel Vision", "salary": "$12 an hour", "location": "Costa Mesa, CA", "date": "19-06-26", "logo": "https://is2-ssl.mzstatic.com/image/thumb/Purple118/v4/ab/03/b8/ab03b82b-12cf-ce7c-249f-b54a8f01c1b9/AppIcon-1x_U007emarketing-85-220-0-6.png/246x0w.jpg", "link": "https://www.google.com/search?q=Software Engineer Internship+Channel Vision+Costa Mesa, CA+19-06-26+job+opening", "favorite": true, "idx": 339}, {"title": "Entry Level Software Developer", "company": "Dhatronictech", "salary": "Not Listed", "location": "Washington, DC", "date": "24hr", "logo": "https://www.adweek.com/agencyspy/wp-content/uploads/sites/7/2016/01/glassdoor.jpg", "link": "https://www.glassdoor.com/partner/jobListing.htm?pos=111&ao=389273&s=58&guid=0000016b9b7d26189c857be7dc465130&src=GD_JOB_AD&t=SR&extid=1&exst=O&ist=L&ast=OL&vt=w&slr=true&ea=1&cs=1_6fa3caa6&cb=1561681799331&jobListingId=3280076162", "favorite": true, "idx": 10}, {"title": "Junior Java Developer", "company": "Brooksource", "salary": "Not Listed", "location": "Irving, TX", "date": "2017-05-26", "logo": "https://games.lol/wp-content/uploads/2018/10/monster-search-best-pc-download-online.png", "link": "https://job-openings.monster.com/junior-java-developer-irving-tx-us-brooksource/209598975", "favorite": true, "idx": 203}, {"title": "Junior Front End Developer", "company": "Amobee", "salary": "Not Listed", "location": "San Diego, CA", "date": "24hr", "logo": "https://www.adweek.com/agencyspy/wp-content/uploads/sites/7/2016/01/glassdoor.jpg", "link": "https://www.glassdoor.com/partner/jobListing.htm?pos=120&ao=37049&s=58&guid=0000016b9fe019c29c4d28401b540269&src=GD_JOB_AD&t=SR&extid=1&exst=O&ist=L&ast=OL&vt=w&slr=true&cs=1_bca73420&cb=1561755393133&jobListingId=3249743380", "favorite": true, "idx": 19}, {"title": "Front-End Web Developer", "company": "LoanMe", "salary": "Not Listed", "location": "Anaheim, CA", "date": "24hr", "logo": "https://www.adweek.com/agencyspy/wp-content/uploads/sites/7/2016/01/glassdoor.jpg", "link": "https://www.glassdoor.com/partner/jobListing.htm?pos=104&ao=659785&s=58&guid=0000016b9fe025c8ba810f931fb2219f&src=GD_JOB_AD&t=SR&extid=1&exst=O&ist=L&ast=OL&vt=w&slr=true&cs=1_691dcdad&cb=1561755396903&jobListingId=3111457358", "favorite": true, "idx": 33}, {"title": "Front-end Developer", "company": "McAfee", "salary": "Not Listed", "location": "Plano, TX", "date": "24hr", "logo": "https://www.adweek.com/agencyspy/wp-content/uploads/sites/7/2016/01/glassdoor.jpg", "link": "https://www.glassdoor.com/partner/jobListing.htm?pos=107&ao=244459&s=58&guid=0000016b9fe025c8ba810f931fb2219f&src=GD_JOB_AD&t=SR&extid=1&exst=O&ist=L&ast=OL&vt=w&slr=true&cs=1_acff0613&cb=1561755396906&jobListingId=3249041964", "favorite": true, "idx": 36}, {"title": "Web Development Intern", "company": "Rescue Agency", "salary": "Not Listed", "location": "San Diego, CA", "date": "24hr", "logo": "https://www.adweek.com/agencyspy/wp-content/uploads/sites/7/2016/01/glassdoor.jpg", "link": "https://www.glassdoor.com/partner/jobListing.htm?pos=110&ao=671350&s=58&guid=0000016b9fe025c8ba810f931fb2219f&src=GD_JOB_AD&t=SR&extid=1&exst=O&ist=L&ast=OL&vt=w&slr=true&cs=1_850dc99b&cb=1561755396909&jobListingId=3280397472", "favorite": true, "idx": 39}, {"title": "Front End Developer - Data Engineering", "company": "PIMCO", "salary": "Not Listed", "location": "Austin, TX", "date": "24hr", "logo": "https://www.adweek.com/agencyspy/wp-content/uploads/sites/7/2016/01/glassdoor.jpg", "link": "https://www.glassdoor.com/partner/jobListing.htm?pos=121&ao=484493&s=58&guid=0000016b9fe025c8ba810f931fb2219f&src=GD_JOB_AD&t=SR&extid=1&exst=O&ist=L&ast=OL&vt=w&slr=true&cs=1_4db81b9b&cb=1561755396925&jobListingId=3280821871", "favorite": true, "idx": 50}, {"title": "Web Developer", "company": "Regal Entertainment Group", "salary": "Not Listed", "location": "Knoxville, TN", "date": "24hr", "logo": "https://www.adweek.com/agencyspy/wp-content/uploads/sites/7/2016/01/glassdoor.jpg", "link": "https://www.glassdoor.com/partner/jobListing.htm?pos=105&ao=357238&s=58&guid=0000016ba05516faa0773ecba07b8f46&src=GD_JOB_AD&t=SR&extid=1&exst=O&ist=L&ast=OL&vt=w&slr=true&cs=1_aa07b33d&cb=1561763059951&jobListingId=3112121651", "favorite": true, "idx": 16}]}]